{
    "now": "2023-08-19T16:06:47.453Z",
    "perfNow": 7826898,
    "diagnosticCorrelation": "f14f963e-b3cf-43d3-ad57-7fc4321518ee",
    "source": "DownloadSupportFiles",
    "environment": {
        "productName": "adf",
        "buildVersion": "1.0.081823.5",
        "environmentType": 3,
        "resourceName": "dfactcovid19result",
        "resourceRegion": "southcentralus",
        "resourceGroup": "gradf",
        "subscriptionId": "047bb3c2-afaf-4de3-ad05-7c50c3f56535",
        "sessionId": "Xewsea5+zMvvwiqXpJuTGj",
        "operationId": "",
        "gitType": "live",
        "loggingKey": "416c033e-5c24-45d7-8c93-009f5e92c0b2"
    },
    "additionalInfo": {
        "selectedResource": "pl_ingesta_covidresult1_bs_dl",
        "selectedResourceType": "pipeline"
    }
}