{
    "name": "pl_ingesta_covidresult1_bs_dl",
    "properties": {
        "description": "pl_ingesta_covidresult1_bs_dl",
        "activities": [
            {
                "name": "Get Metadata deaths1",
                "type": "GetMetadata",
                "dependsOn": [
                    {
                        "activity": "Val_cases_deaths1",
                        "dependencyConditions": [
                            "Succeeded"
                        ]
                    }
                ],
                "policy": {
                    "timeout": "0.12:00:00",
                    "retry": 0,
                    "retryIntervalInSeconds": 30,
                    "secureOutput": false,
                    "secureInput": false
                },
                "userProperties": [],
                "typeProperties": {
                    "dataset": {
                        "referenceName": "bs_cases_deaths",
                        "type": "DatasetReference"
                    },
                    "fieldList": [
                        "exists",
                        "columnCount",
                        "size"
                    ],
                    "storeSettings": {
                        "type": "AzureBlobStorageReadSettings",
                        "recursive": true,
                        "enablePartitionDiscovery": false
                    },
                    "formatSettings": {
                        "type": "DelimitedTextReadSettings"
                    }
                }
            },
            {
                "name": "Get Metadata Country",
                "type": "GetMetadata",
                "dependsOn": [
                    {
                        "activity": "Val_country_response1",
                        "dependencyConditions": [
                            "Succeeded"
                        ]
                    }
                ],
                "policy": {
                    "timeout": "0.12:00:00",
                    "retry": 0,
                    "retryIntervalInSeconds": 30,
                    "secureOutput": false,
                    "secureInput": false
                },
                "userProperties": [],
                "typeProperties": {
                    "dataset": {
                        "referenceName": "ds_country_response1",
                        "type": "DatasetReference"
                    },
                    "fieldList": [
                        "exists",
                        "columnCount",
                        "size"
                    ],
                    "storeSettings": {
                        "type": "AzureBlobStorageReadSettings",
                        "recursive": true,
                        "enablePartitionDiscovery": false
                    },
                    "formatSettings": {
                        "type": "DelimitedTextReadSettings"
                    }
                }
            },
            {
                "name": "Val_cases_deaths1",
                "type": "Validation",
                "dependsOn": [
                    {
                        "activity": "Delete File Country Response",
                        "dependencyConditions": [
                            "Succeeded"
                        ]
                    }
                ],
                "userProperties": [],
                "typeProperties": {
                    "dataset": {
                        "referenceName": "bs_cases_deaths",
                        "type": "DatasetReference"
                    },
                    "timeout": "0.00:00:30",
                    "sleep": 10
                }
            },
            {
                "name": "Val_country_response1",
                "type": "Validation",
                "dependsOn": [],
                "userProperties": [],
                "typeProperties": {
                    "dataset": {
                        "referenceName": "ds_covidresult1_countrys_ds",
                        "type": "DatasetReference"
                    },
                    "timeout": "0.00:00:30",
                    "sleep": 10
                }
            },
            {
                "name": "If Condition Country Data",
                "type": "IfCondition",
                "dependsOn": [
                    {
                        "activity": "Get Metadata Country",
                        "dependencyConditions": [
                            "Succeeded"
                        ]
                    }
                ],
                "userProperties": [],
                "typeProperties": {
                    "expression": {
                        "value": "@equals(activity('Get Metadata country').output.columnCount,5)\n",
                        "type": "Expression"
                    },
                    "ifFalseActivities": [
                        {
                            "name": "Fail1",
                            "type": "Fail",
                            "dependsOn": [],
                            "userProperties": [],
                            "typeProperties": {
                                "message": "Columnas con error",
                                "errorCode": "403"
                            }
                        }
                    ],
                    "ifTrueActivities": [
                        {
                            "name": "Country_Response",
                            "type": "Copy",
                            "dependsOn": [],
                            "policy": {
                                "timeout": "0.12:00:00",
                                "retry": 0,
                                "retryIntervalInSeconds": 30,
                                "secureOutput": false,
                                "secureInput": false
                            },
                            "userProperties": [],
                            "typeProperties": {
                                "source": {
                                    "type": "DelimitedTextSource",
                                    "storeSettings": {
                                        "type": "AzureBlobStorageReadSettings",
                                        "recursive": true,
                                        "enablePartitionDiscovery": false
                                    },
                                    "formatSettings": {
                                        "type": "DelimitedTextReadSettings"
                                    }
                                },
                                "sink": {
                                    "type": "DelimitedTextSink",
                                    "storeSettings": {
                                        "type": "AzureBlobFSWriteSettings"
                                    },
                                    "formatSettings": {
                                        "type": "DelimitedTextWriteSettings",
                                        "quoteAllText": true,
                                        "fileExtension": ".txt"
                                    }
                                },
                                "enableStaging": false,
                                "translator": {
                                    "type": "TabularTranslator",
                                    "mappings": [
                                        {
                                            "source": {
                                                "name": "Country",
                                                "type": "String",
                                                "physicalType": "String"
                                            },
                                            "sink": {
                                                "name": "Country",
                                                "type": "String",
                                                "physicalType": "String"
                                            }
                                        },
                                        {
                                            "source": {
                                                "name": "Response_measure",
                                                "type": "String",
                                                "physicalType": "String"
                                            },
                                            "sink": {
                                                "name": "Response_measure",
                                                "type": "String",
                                                "physicalType": "String"
                                            }
                                        },
                                        {
                                            "source": {
                                                "name": "change",
                                                "type": "String",
                                                "physicalType": "String"
                                            },
                                            "sink": {
                                                "name": "change",
                                                "type": "String",
                                                "physicalType": "String"
                                            }
                                        },
                                        {
                                            "source": {
                                                "name": "date_start",
                                                "type": "String",
                                                "physicalType": "String"
                                            },
                                            "sink": {
                                                "name": "date_start",
                                                "type": "String",
                                                "physicalType": "String"
                                            }
                                        },
                                        {
                                            "source": {
                                                "name": "date_end",
                                                "type": "String",
                                                "physicalType": "String"
                                            },
                                            "sink": {
                                                "name": "date_end",
                                                "type": "String",
                                                "physicalType": "String"
                                            }
                                        }
                                    ],
                                    "typeConversion": true,
                                    "typeConversionSettings": {
                                        "allowDataTruncation": true,
                                        "treatBooleanAsNumber": false
                                    }
                                }
                            },
                            "inputs": [
                                {
                                    "referenceName": "ds_covidresult1_countrys_ds",
                                    "type": "DatasetReference"
                                }
                            ],
                            "outputs": [
                                {
                                    "referenceName": "ds_covidresult1_dlake_raw_countrys_dl",
                                    "type": "DatasetReference"
                                }
                            ]
                        }
                    ]
                }
            },
            {
                "name": "Delete File Country Response",
                "type": "Delete",
                "dependsOn": [
                    {
                        "activity": "If Condition Country Data",
                        "dependencyConditions": [
                            "Succeeded"
                        ]
                    }
                ],
                "policy": {
                    "timeout": "0.12:00:00",
                    "retry": 0,
                    "retryIntervalInSeconds": 30,
                    "secureOutput": false,
                    "secureInput": false
                },
                "userProperties": [],
                "typeProperties": {
                    "dataset": {
                        "referenceName": "ds_covidresult1_countrys_ds",
                        "type": "DatasetReference"
                    },
                    "logStorageSettings": {
                        "linkedServiceName": {
                            "referenceName": "ls_blob_covidresult1",
                            "type": "LinkedServiceReference"
                        },
                        "path": "populationresult1bs"
                    },
                    "enableLogging": true,
                    "storeSettings": {
                        "type": "AzureBlobStorageReadSettings",
                        "recursive": true,
                        "enablePartitionDiscovery": false
                    }
                }
            },
            {
                "name": "Country File Fail",
                "type": "Fail",
                "dependsOn": [
                    {
                        "activity": "Val_country_response1",
                        "dependencyConditions": [
                            "Failed"
                        ]
                    }
                ],
                "userProperties": [],
                "typeProperties": {
                    "message": "error file not exist",
                    "errorCode": "404"
                }
            },
            {
                "name": "If Condition Deaths Data",
                "type": "IfCondition",
                "dependsOn": [
                    {
                        "activity": "Get Metadata deaths1",
                        "dependencyConditions": [
                            "Succeeded"
                        ]
                    }
                ],
                "userProperties": [],
                "typeProperties": {
                    "expression": {
                        "value": "@equals(activity('Get Metadata deaths1').output.columnCount,9)",
                        "type": "Expression"
                    },
                    "ifFalseActivities": [
                        {
                            "name": "Fail file",
                            "type": "Fail",
                            "dependsOn": [],
                            "userProperties": [],
                            "typeProperties": {
                                "message": "Error en el numero de columnas",
                                "errorCode": "404"
                            }
                        }
                    ],
                    "ifTrueActivities": [
                        {
                            "name": "Copy cases_deaths1",
                            "type": "Copy",
                            "dependsOn": [],
                            "policy": {
                                "timeout": "0.12:00:00",
                                "retry": 0,
                                "retryIntervalInSeconds": 30,
                                "secureOutput": false,
                                "secureInput": false
                            },
                            "userProperties": [],
                            "typeProperties": {
                                "source": {
                                    "type": "DelimitedTextSource",
                                    "storeSettings": {
                                        "type": "AzureBlobStorageReadSettings",
                                        "recursive": true,
                                        "enablePartitionDiscovery": false
                                    },
                                    "formatSettings": {
                                        "type": "DelimitedTextReadSettings"
                                    }
                                },
                                "sink": {
                                    "type": "DelimitedTextSink",
                                    "storeSettings": {
                                        "type": "AzureBlobFSWriteSettings"
                                    },
                                    "formatSettings": {
                                        "type": "DelimitedTextWriteSettings",
                                        "quoteAllText": true,
                                        "fileExtension": ".csv"
                                    }
                                },
                                "enableStaging": false,
                                "translator": {
                                    "type": "TabularTranslator",
                                    "mappings": [
                                        {
                                            "source": {
                                                "name": "country",
                                                "type": "String",
                                                "physicalType": "String"
                                            },
                                            "sink": {
                                                "name": "country",
                                                "type": "String",
                                                "physicalType": "String"
                                            }
                                        },
                                        {
                                            "source": {
                                                "name": "country_code",
                                                "type": "String",
                                                "physicalType": "String"
                                            },
                                            "sink": {
                                                "name": "country_code",
                                                "type": "String",
                                                "physicalType": "String"
                                            }
                                        },
                                        {
                                            "source": {
                                                "name": "continent",
                                                "type": "String",
                                                "physicalType": "String"
                                            },
                                            "sink": {
                                                "name": "continent",
                                                "type": "String",
                                                "physicalType": "String"
                                            }
                                        },
                                        {
                                            "source": {
                                                "name": "population",
                                                "type": "String",
                                                "physicalType": "String"
                                            },
                                            "sink": {
                                                "name": "population",
                                                "type": "String",
                                                "physicalType": "String"
                                            }
                                        },
                                        {
                                            "source": {
                                                "name": "indicator",
                                                "type": "String",
                                                "physicalType": "String"
                                            },
                                            "sink": {
                                                "name": "indicator",
                                                "type": "String",
                                                "physicalType": "String"
                                            }
                                        },
                                        {
                                            "source": {
                                                "name": "daily_count",
                                                "type": "String",
                                                "physicalType": "String"
                                            },
                                            "sink": {
                                                "name": "daily_count",
                                                "type": "String",
                                                "physicalType": "String"
                                            }
                                        },
                                        {
                                            "source": {
                                                "name": "date",
                                                "type": "String",
                                                "physicalType": "String"
                                            },
                                            "sink": {
                                                "name": "date",
                                                "type": "String",
                                                "physicalType": "String"
                                            }
                                        },
                                        {
                                            "source": {
                                                "name": "rate_14_day",
                                                "type": "String",
                                                "physicalType": "String"
                                            },
                                            "sink": {
                                                "name": "rate_14_day",
                                                "type": "String",
                                                "physicalType": "String"
                                            }
                                        },
                                        {
                                            "source": {
                                                "name": "source",
                                                "type": "String",
                                                "physicalType": "String"
                                            },
                                            "sink": {
                                                "name": "source",
                                                "type": "String",
                                                "physicalType": "String"
                                            }
                                        }
                                    ],
                                    "typeConversion": true,
                                    "typeConversionSettings": {
                                        "allowDataTruncation": true,
                                        "treatBooleanAsNumber": false
                                    }
                                }
                            },
                            "inputs": [
                                {
                                    "referenceName": "ds_covidresult1_population_ds",
                                    "type": "DatasetReference"
                                }
                            ],
                            "outputs": [
                                {
                                    "referenceName": "ds_covidresult1_datalake_raw_dl",
                                    "type": "DatasetReference"
                                }
                            ]
                        }
                    ]
                }
            },
            {
                "name": "Deaths File Fail",
                "type": "Fail",
                "dependsOn": [
                    {
                        "activity": "Val_cases_deaths1",
                        "dependencyConditions": [
                            "Failed"
                        ]
                    }
                ],
                "userProperties": [],
                "typeProperties": {
                    "message": "error file not exist",
                    "errorCode": "404"
                }
            },
            {
                "name": "Delete file cases_deaths",
                "type": "Delete",
                "dependsOn": [
                    {
                        "activity": "If Condition Deaths Data",
                        "dependencyConditions": [
                            "Succeeded"
                        ]
                    }
                ],
                "policy": {
                    "timeout": "0.12:00:00",
                    "retry": 0,
                    "retryIntervalInSeconds": 30,
                    "secureOutput": false,
                    "secureInput": false
                },
                "userProperties": [],
                "typeProperties": {
                    "dataset": {
                        "referenceName": "ds_covidresult1_population_ds",
                        "type": "DatasetReference"
                    },
                    "logStorageSettings": {
                        "linkedServiceName": {
                            "referenceName": "ls_blob_covidresult1",
                            "type": "LinkedServiceReference"
                        },
                        "path": "populationresult1bs"
                    },
                    "enableLogging": true,
                    "storeSettings": {
                        "type": "AzureBlobStorageReadSettings",
                        "recursive": true,
                        "enablePartitionDiscovery": false
                    }
                }
            }
        ],
        "annotations": [],
        "lastPublishTime": "2023-08-19T04:48:49Z"
    },
    "type": "Microsoft.DataFactory/factories/pipelines"
}