{
    "name": "ds_covidresult1_datalake_raw_dl",
    "properties": {
        "linkedServiceName": {
            "referenceName": "ls_raw_covidresult1",
            "type": "LinkedServiceReference"
        },
        "annotations": [],
        "type": "DelimitedText",
        "typeProperties": {
            "location": {
                "type": "AzureBlobFSLocation",
                "fileSystem": "raw"
            },
            "columnDelimiter": ",",
            "escapeChar": "\\",
            "firstRowAsHeader": true,
            "quoteChar": "\""
        },
        "schema": []
    },
    "type": "Microsoft.DataFactory/factories/datasets"
}