{
    "name": "ds_country_response1",
    "properties": {
        "linkedServiceName": {
            "referenceName": "ls_blob_covidresult1",
            "type": "LinkedServiceReference"
        },
        "annotations": [],
        "type": "DelimitedText",
        "typeProperties": {
            "location": {
                "type": "AzureBlobStorageLocation",
                "fileName": "country_response.csv",
                "container": "populationresult1bs"
            },
            "columnDelimiter": ",",
            "escapeChar": "\\",
            "firstRowAsHeader": true,
            "quoteChar": "\""
        },
        "schema": [
            {
                "name": "Country",
                "type": "String"
            },
            {
                "name": "Response_measure",
                "type": "String"
            },
            {
                "name": "change",
                "type": "String"
            },
            {
                "name": "date_start",
                "type": "String"
            },
            {
                "name": "date_end",
                "type": "String"
            }
        ]
    },
    "type": "Microsoft.DataFactory/factories/datasets"
}